{"cameraMode":{"drawMode":0,"name":"Shaded","section":"Shading Mode"},"sceneLighting":true,"audioPlay":false,"sceneViewState":{"m_AlwaysRefresh":false,"showFog":true,"showSkybox":true,"showFlares":true,"showImageEffects":true,"showParticleSystems":true,"showVisualEffectGraphs":true,"m_FxEnabled":true},"in2DMode":false,"pivot":{"x":-3.7942569255828859,"y":-30.105186462402345,"z":7.769380569458008},"rotation":{"x":0.5744506120681763,"y":-0.012278789654374123,"z":0.00861574150621891,"w":0.8184212446212769},"size":28.771291732788087,"orthographic":false}